{"cameraMode":{"drawMode":0,"name":"Shaded","section":"Shading Mode"},"sceneLighting":true,"audioPlay":false,"sceneViewState":{"m_AlwaysRefresh":false,"showFog":true,"showSkybox":true,"showFlares":true,"showImageEffects":true,"showParticleSystems":true,"showVisualEffectGraphs":true,"m_FxEnabled":true},"in2DMode":false,"pivot":{"x":-32.46109390258789,"y":2.0165457725524904,"z":-1.090000033378601},"rotation":{"x":-0.44654643535614016,"y":-0.022994769737124444,"z":0.011298186145722866,"w":-0.8947347402572632},"size":22.081939697265626,"orthographic":false}